Name,Views,PostedTime,Description,URL,Channel Name,Channel URL
"

What does pastorium mean
",7 views,6 years ago,What does ,https://www.youtube.com/watch?v=xTTXi_Ptrq0,botcaster bot,https://www.youtube.com/channel/UCwLGMMUrouFntoSs3iBJ1Rg
"

Welcome to Pastorium Channel
",415 views,9 years ago, mean in English?,https://www.youtube.com/watch?v=cBlOyrYbu_E,botcaster bot,https://www.youtube.com/channel/UCwLGMMUrouFntoSs3iBJ1Rg
"

How to Pronounce pastorium - American English
",16 views,4 years ago,What does ,https://www.youtube.com/watch?v=z-9JVpKypwE,Ohzi,https://www.youtube.com/c/Pastorium
"

PASTORIUM. COM
",7 views,2 years ago, mean in English?,https://www.youtube.com/watch?v=ybCMmijZyIo,Ohzi,https://www.youtube.com/c/Pastorium
"

TRIPLE 619 THE MYSTERIO SMACKDOWN PAIN || THE MYSTERIO vs THE LUCHA DRAGONS
",23K views,5 months ago,Learn how to say/pronounce ,https://www.youtube.com/watch?v=Nb41wr2_X-c,HowToPronounce30,https://www.youtube.com/channel/UCKe2AukOeIC4s5bjJEKP9xw
"

How to say ""pastorium""! (High Quality Voices)
",2 views,5 years ago, in American English. Subscribe for more videos!,https://www.youtube.com/watch?v=RPfCDDb2HxI,HowToPronounce30,https://www.youtube.com/channel/UCKe2AukOeIC4s5bjJEKP9xw
"

Jaco Pastorius - A Portrait Of Tracy
",7.5M views,15 years ago,Learn how to say/pronounce ,https://www.youtube.com/watch?v=JXOnhzoC-i8,Jeremiah Tamungang,https://www.youtube.com/channel/UCUuJwMk5UX5CLk_RiGDOuKQ
"

How to pronounce Pastorium
",8 views,5 years ago, in American English. Subscribe for more videos!,https://www.youtube.com/watch?v=A2wmwA5dN_A,Jeremiah Tamungang,https://www.youtube.com/channel/UCUuJwMk5UX5CLk_RiGDOuKQ
"

Astrologer Dr Umer Farooq New Predictions About Imran Khan Long March and Pakistan | Yasir Janjua
",56K views,2 days ago,"Watch in this video how to say and pronounce """,https://www.youtube.com/watch?v=IGmXdITJxkM,Fery Anwar,https://www.youtube.com/c/FeryAnwar
"

November Me Imran Khan Aar Ya Paar Ho Jayege - Maryam Nawaz Ke Sath Kya Hoga? Astrologer Samiah Khan
",1M views,1 month ago,"""! The video is produced by yeta.io.",https://www.youtube.com/watch?v=KVWP_w7s7-4,Fery Anwar,https://www.youtube.com/c/FeryAnwar
"

New Army Staff / corruption krny walo ki ab kheir nahi / by Dr Umer Farooq Astrology
",50K views,2 weeks ago,"Watch in this video how to say and pronounce """,https://www.youtube.com/watch?v=LuaK2_BPP7o,WordBox,https://www.youtube.com/c/WordBox
"

Centaurus Mall in Islamabad, Pakistan 🇵🇰  | Modern Pakistan Mall
",171K views,1 month ago,"""! The video is produced by yeta.io.",https://www.youtube.com/watch?v=kDtcE6mEJrA,WordBox,https://www.youtube.com/c/WordBox
"

Mysterious Pulsar Star and Scientific Miracle of Quran in Urdu Hindi
",67K views,9 months ago,This is a satire channel. This is a satire channel. How to pronounce the word ,https://www.youtube.com/watch?v=SAxUGYMojGE,Palle016,https://www.youtube.com/user/Palle016
"

How to pronounce - pastorium
",No views,3 months ago,. Subscribe for more pronunciation videos.,https://www.youtube.com/watch?v=8onsthQLL0w,Palle016,https://www.youtube.com/user/Palle016
"

Sweet spot #5 su pastorium Saulium Karosu
",28 views,2 years ago,This is a satire channel. This is a satire channel. How to pronounce the word ,https://www.youtube.com/watch?v=NAx2oYxq63k,How to pronounce,https://www.youtube.com/channel/UCuqhc8QgF4wP7XiOMiX2DeA
"

I Shot The Sheriff  -  Jaco Pastorius
",28K views,4 years ago,. Subscribe for more pronunciation videos.,https://www.youtube.com/watch?v=nQROXkJ8mpc,How to pronounce,https://www.youtube.com/channel/UCuqhc8QgF4wP7XiOMiX2DeA
"

Musical Concert Towards New Pastorium Fund Raising (June 4th  2022)
",21 views,Streamed 4 months ago,7,https://www.youtube.com/watch?v=p-PhI0dBQHI,Cyber Tv,https://www.youtube.com/channel/UCvVn7_ff9w_Lw4S221qXoMA
"

THE SHEPHERD - PRODUCED BY YOMI ADEWUMI.  #fruit  #damilola #christianmovie
",46K views,3 months ago, chapters in this video,https://www.youtube.com/watch?v=OvcVCO6RRG8,Cyber Tv,https://www.youtube.com/channel/UCvVn7_ff9w_Lw4S221qXoMA
"

Why Firaun's Passport was Made After 3000 Years of His Death?
",15K views,2 days ago,7,https://www.youtube.com/watch?v=-I_RCn1BsoY,UrduPoint.com,https://www.youtube.com/c/UrduPointcomOfficial
"

Gabrielius Lukošius. Studijavo dailę, o tapo pastorium
",55 views,1 year ago, chapters,https://www.youtube.com/watch?v=-iii4vRoGvo,UrduPoint.com,https://www.youtube.com/c/UrduPointcomOfficial
"

Musical Concert Towards New Pastorium Fund Raising (June 4th  2022)
",28 views,Streamed 4 months ago,+,https://www.youtube.com/watch?v=sc-l8QG37Qw,Dr Umer Farooq Astrology,https://www.youtube.com/channel/UCaAbB-iNtFEhKonhWwm6lFw
"

Musical Concert Towards New Pastorium Fund Raising (June 4th  2022)
",58 views,Streamed 4 months ago,6,https://www.youtube.com/watch?v=cENLYJ9b3AI,Dr Umer Farooq Astrology,https://www.youtube.com/channel/UCaAbB-iNtFEhKonhWwm6lFw
"

August 10, 2022(2)
",4 views,2 months ago, more,https://www.youtube.com/watch?v=8-_YLmjlIWY,Bags Packed Family,https://www.youtube.com/c/BagsPackedFamily
